respondent_id,challenge_text
118867014490,"Yes, the increasing generation of renewable energy does pose several challenges for the electricity system, despite its environmental benefits.1. Intermittency and Variability: Solar and wind energy depend on weather conditions, which can be unpredictable. 2. Grid Stability and Reliability: Traditional power systems rely on consistent input from fossil fuel plants."
118867103472,Weiss nicht
118867106782,
118867102635,"Ja, aber ich denke es wird sich lohnen sobald es umgeändert ist"
118867095560,Speicher bis er gebraucht wird
118867093389,"Ja, sicher neue Investitionen."
118867085559,Platz und mehr Aufklärung.
118867081746,Weiss nicht
118867081624,"Schaden für Ökosystem, süss Wasser Knappheit, fehlt saubere Recykling"
118867080434,Weiss nicht
118867074861,Weiss nicht
118867075571,"Ja, es muss Geld investiert werden um die Anlagen zu bauen und der Bau bringt auch Risiken"
118867072484,Weiss nicht
118867062931,Weiss nicht
118867061539,Stromänpässe rationierung
118867060721,Weiss nicht
118867051868,Weiss nicht
118867051937,Sehr teuer
118867049431,Weiss nicht
118867048965,JA PRODUZIERT ZU WENIG STROM
118867015928,Den Wegfall von Kernenergie zu Kompensieren
118867045143,Weiss nicht
118867046914,Es kann wieder benötigt werden
118867037998,Weiss nicht
118867044486,"entsorgung der Windräder, problematisch!"
118866955443,Weiss nicht
118867044801,Weiss nicht
118867044223,speichern
118867043137,Weiss nicht
118867044118,Weiss nicht
118867043576,Weiss nicht
118867041751,It’s awesome and really good
118867040792,Netz Stabilisierung. Supply vs Demand
118867041382,Weiss nicht
118867040503,Weiss nicht
118867040007,zu viele Gase
118867040264,Weiss nicht
118867038333,Weiss nicht
118867036887,Denn Strom einzuspiessen so dass man ihn erst spåter verwenden kann
118867037007,Weiss nicht
118867037498,Weiss nicht
118867036948,"Ja, schwieriger Strom spitzen abzudecken."
118867037754,Ich denke mal es sind Kosten
118867036605,denke ja
118867035459,Weiss nicht
118867034269,Solar
118867032938,Weiss nicht
118867030915,Weiss nicht
118867031622,Weiss nicht
118867028646,Ja ich denke schon. Es kann im schlimmsten Fall zu einem Blackout kommen
118867029398,Nicht
118867029770,Energy
118867026886,Weiss nicht
118867027259,Weiss nicht
118867026090,Weiss nicht
118867025702,Weiss nicht
118867022508,"Die Nutzung von Überschussstrom, zum Beispiel durch Bitcoin Mining, zur Effizienz und zur Erweiterung der erneuerbaren Energien, ohne unwirtschaftliche Belastung der Bevölkerung durch Ausgleichszahlungen an die Stromanbieter."
118867024898,Weiss nicht
118867024317,Nein
118867022838,Weiss nicht
118867018284,"Ja, Schwankungen"
118867014898,Platz für die entsprechende Infrastruktur
118867016042,Die Infastruktur ist nicht vorhanden.
118867018967,Speicherung des Stromes
118867019545,Weiss nicht
118867017445,Weiss nicht
118867016415,Ja Wind
118867015217,Nein
118867013213,Ja weil wenn man die Windkraft benutzt um Strom zu erzeugen wird keine Energie benötigt darum ist es gut
118867013132,nein
118867012300,EINSPARUNGEN
118867013091,Ja
118867011523,Solar
118867010888,Ja
118867008679,",wn`"
118867006949,Netzüberlastung wegen PV Anlagen
118867006094,Weiss nicht
118867008529,
118867006775,Weiss nicht
118867003864,Weiss nicht
118867004785,Weiss nicht
118867002893,"Ja, mangelnde oder unzureichende Speicherkapazitäten"
118867002033,Weiss nicht
118867002447,Keine
118867000777,natürlich eine überlastung der leitungen
118866999088,Ja
118866997913,Energiesicherheit. Menge
118866998775,Energi
118866997312,Ja ich denke das ist sehr gut.
118866993456,permanent ausreichend Strom
118866994852,nein
118866994419,Weiss nicht
118866996124,Weiss nicht
118866995343,Weiss nicht
118866994047,Weiss nicht
118866994425,Überlastung im Netz durch zu viel Abnehmer und zu wenig Strom
118866992134,Weiss nicht
118866992596,Weiss nicht
118866990024,Flatterstrom
118866989350,Weiss nicht
118866989292,Weiss nicht
118866987521,Weiss nicht
118866987307,synchronosation des netzes und speicherung
118866990134,
118866986337,Weiss nicht
118866989972,
118866984327,Renewable energy instability could lead to grid instability
118866973987,"erneuerbarer Energien ist die ablösung von Sonne, Wasserkraft Wind"
118866983923,Weiss nicht
118866982200,Das die Leute das nicht wollen.
118866983403,Black out wie in Spanien
118866982535,Weiss nicht
118866979137,Weiss nicht
118866981859,Weiss nicht
118866981183,Weiss nicht
118866979933,Weiss nicht
118866979138,Weiss nicht
118866974650,Weiss nicht
118866975327,Weiss nicht
118866974083,Weiss nicht
118866974195,Weiss nicht
118866974381,"ja, zu viel bedarf, keine akw mehr"
118866975040,Weiss nicht
118866974076,Solar
118866973535,klar bringen sie das
118866970685,Ja
118866971710,Weiss nicht
118866969397,Solar
118866968787,Weiss nicht
118866969369,die einspeissung ins netz
118866968347,Wisse nicht
118866964905,"Ja, mit den E Autos und wir haben schon zu wenig strom"
118866959282,nutzung von landflächen
118866960887,"Ja, der Umbau/Abbau der bestehenden Kernkraftwerke"
118866963297,Weiss nicht
118866960088,"Netzausbau, zusätzliche Hochspannungsleitungen"
118866962159,Ja das die ganze Stromversorgung versorgt wird
118866958232,Weiss nicht
118866959132,Weiss nicht
118866959416,Infrastruktur
118866953261,Weiss nicht
118866955618,"Denke ich weniger. Es sind nur weitere Alternativen, einfach ins Netz zu speisen. Es ist eher der Umstand der Dinge."
118866957825,Teuer
118866958454,Weiss nicht
118866956552,Ia denn die meisten erneuerbaren energien sind sehr schwer zu speichern
118866956915,Weiss nicht
118866955817,Beände
118866954185,Weiss nicht
118866951530,Weiss nicht
118866950613,Solar
118866948040,Weiss nicht
118866943584,"Spitzenbedarf sicherstellen, Speichertechniken für Strom, derrmomentan nicht bbenötiigt wird, Risiken betreffend Flaute, Dunkelheit beherrschen, Ndtzkapazitäten anpassrn bezüglich Erzeugungsort und Bedarfsstelle"
118866946022,Weiss nicht
118866945395,Weiss nicht
118866942004,zu viele menschen
118866945099,Ja wasser
118866946286,Nicht
118866943931,Wetter und andere abhängigkeiten
118866943455,Weiss nicht
118866944075,Weiss nicht
118866943226,Ja
118866943215,Weiss nicht
118866943315,Nein
118866942164,Weiss nicht
118866944373,
118866941933,Solarstrom
118866940774,nein
118866940556,Weiss nicht
118866936324,"Das Problem ist man nicht sicher sein kann, ob diese Methodik ausreichen wird. Überschuss im Sommer, Notstand im Winter, keine kontinuierliche Stromversorgung. Stromausfälle als Folge"
118866939705,Solar
118866938193,Ja
118866937507,"am Anfang mehr Kosten für die Investition, aber später lohnt sich"
118866935766,ressourcen
118866937898,Bewilligung
118866936563,Strom vom Ausland kaufen
118866937146,Weiss nicht
118866934905,Weiss nicht
118866936667,Weiss nicht
118866935206,Solar
118866936450,Weiss nicht
118866935483,Weiss nicht
118866936312,Ja sicher
118866935967,Weiss nicht
118866934557,Weiss nicht
118866935058,Ne
118866928634,Das sehe ich auch so
118866933543,"speicherung, transport"
118866929307,"Ja, die zunehmende Erzeugung erneuerbarer Energien bringt Herausforderungen wie schwankende Einspeisung, Speicherbedarf, Netzausbau und die Notwendigkeit flexibler Steuerungssysteme mit sich."
118866933392,Nicht klar ob es reicht
118866931995,"Ja, wir wären dann von der Natur abhängig"
118866934042,Zu wenig Strom
118866935000,
118866933882,Weiss nicht
118866930245,Strom wird wieder billiger
118866930393,Ja
118866932976,Weiss nichtp
118866931782,"Ja, wie können mehr sparen und der Umwelt weniger schaden"
118866930866,Weiss nicht
118866931402,Weiss nicht
118866930240,Zu wenig Strom vorhanden
118866930534,Ja eeil es halt nicht daüfr anfangs konzipiert wurde
118866928259,Weiss nicht
118866931009,fsf
118866928820,Weiss nicht
118866930110,Weiss nicht
118866926962,"Nicht vorhersehbar, irgendwann bricht das system zusammen"
118866926796,Weiss nicht
118866928003,Weiss nicht
118866928061,Weiss nicht
118866807581,Die Netzstabilität ist schwieriger zu managen. Der Strom koventioneller Kraftwerke fliesst vorhersehbar und unterliegt keinen Spitzen auf Grund von Windböen oder Einbrüchen wenn grad eine Wolke den Himmel verdunkelt.
118866331968,Speicherung von Solar-Wind Energie
118866098373,"Erneuerbare Energien sind nicht so leicht zu kontrollieren, respektive sind sie nicht immer stabil verfügbar. Also kann es zu Defiziten zu bestimmten Zeiten kommen."
118866070482,Weiss nicht
118866049453,"Verfügbarkeit, abdecken von spitzen"
118865993888,"Energienetzstabilität, erzeugung bedarf stimmt zeitlich nicht immer überrein, fluktuationen in den Leitungen"
118865937239,"Ja, Stromproduktion und Verbrauch nicht zum selben Zeitpunkt. Hohe Produktion zur Mittagszeit, hoher Verbrauch am Abend. Gleichzeitigkeitsfaktor zu hoch --> kann zu Netzüberlastungen führen."
118865545609,Versorgung und Konstanz
118865337253,Speicherung von Solarstrom
118864902528,Weiss nicht
118864896513,Stabilität der Netze
118864429794,Weiss nicht
118864377677,Weiss nicht
118864359644,Ja. Sonne stimmt.
118864248189,Instabiler zufuhr (z.B. Sonne nur bei sonnigen Wetter)
118864149111,"VERTEILUNG, SPEICHERUNG, PLANBARKEIT"
118864023864,Weiss nicht
118864004036,Weiss nicht
118863985701,Weiss nicht
118863934625,Stromspeicher um Spitzen in der Energiegewinnung auch nutzen zu können
118863922119,Energiespeicher
118863893346,Weiss nicht
118863891002,Weiss nicht
118863872491,es ist unzuverlässiger
118863862058,"ja, weil die eingespeiste Strommenge variiert"
118863784974,"Kosten, Planung"
118863593040,Weiss nicht
118863567511,"Konzepte müssen besser durchdacht und aufeinander abgestimmt werden. Ich kann mir vorstellen, dass die Energiemenge zu Spitzenzeiten schwieriger zu bewältigen ist als mit konventionellen Stromquellen."
118863548745,Weiss nicht
118863432342,Weiss nicht
118863395010,Weiss nicht
118863368596,"Ja, wie wir dies zum Beispiel in Spanien gesehen haben. Man muss genau prüfen, wie stabil das Netzwerk sei."
118863364986,Ja teillweise da die erzeugeung von vielen arten von erneuerbare Energie viel Platz aufnehmen (z.B. Solarplatten oder Windmühlen).
118863351926,Weiss ich nicht
118863342592,Weiss nicht
118863331096,Weiss nicht
118863327593,Energieschwankungen (Band-/Spitzenenergie im Winter/Sommer)
118863326262,Strom speichern
118863321869,Vollständige Umsetzung nimmt viel Zeit in Anspruch
118863315318,Stabilität der Elektrizitätsversorgung
118752452689,"Netzstabilität und Stromverfügbarkeit, da es noch keine grossen Stromspeicherkapazitäten gibt. Abgesehen von Pumpspeicherwerken."
118745041241,"Stromverteilung bspw., weil für den Ausbau des Netzes auf erneuerbare Energien teilweise neue Leitungen gelegt werden müssen und sich dabei diverse Menschen insbesondere quer stellen können. Zudem: Sicherheit der Technologien und Menschen (Politiker & Geldgeber), die den kurzfristigen Profit über den Schutz unserer Lebensgrundlage stellen (Stichwort: Klimawandel"
118745035969,Ja
118745035159,"Volatilität, Versorgungssicherheit"
118728905344,"ja, dezentralisierung, speicherung"
118728041541,Ja die unterschiedliche Stromproduktion (Wetter unf Tageszeit)
118725909916,Nein
118725489712,Reserven
118725204330,Schwankungen der verfügbaren Strommenge
118725167746,evtl zu wenig für alle
118725152865,Unregelmäßige Lastenverteilung
118725110569,"Netzstabilität, bedarfsgerechte Erzeugung"
118723447559,"Die Schwierigkeit, dass es auch Umweltfreundlich ist."
118723237756,Nein
118722584838,Weiss nicht
118722351539,"Ja, inteligente stromzähler"
118721763559,Ich weiss nicht
118721723631,Weiss nicht
118721622091,Weiss nicht
118721620651,"Grosser Bedarf, wenn geringes Angebot da ist (Winter)"
118721595224,Weiss nicht
118721556715,Weiss nicht
118721543449,"Ja. Nämlich überhaupt den Strombedarf zu decken sehe ich ohne Kernenergie als Herausforderung. Der Einfluss von Staudämmen, Wasserkraftweken, Windräder etc. ist leider im Vergleich zu AKW nur marginal."
118721499184,Weiss nicht
118721456430,Weiss nicht
118721400034,Weiss nicht
118721395041,"Ja, genügend Zufluss/ Kapazität in Mehrfamilienhäuser"
118721391105,Weiss nicht
118721337485,"Ja, es wird von diversen Haushalten Energie eingespeist, welches jedoch nicht finanziell lukrativ ist zur Zeit"
118721331365,Solar
118721328556,Weiss nicht
118721197328,"Ja, wn"
118721153752,Denke nicht
118721125261,"Ja. Tag/Nacht Mix, flexible Preise,…"
118721006467,Ja
118720956129,Weiss nicht
118720912499,Wie kann der produzierte Strom ( der Solarstrom) bei sehr hoher Produktion im Netz aufgenommen und sinnvoll genutzt oder allenfalls gespeichert werden?
118720905950,"Ja, weil Netz schlecht ausgebaut ist."
118720902903,Weiss nicht
118720900408,Verfügbarkeit bei maximaler nutzung
118720897761,Weiss nicht
118720897461,netzstabilität
118720895378,Weiss nicht
118720891261,"Ja, Stabilität des Netzes"
118720890752,Stromnetzüberlastung
118720890310,Viel zu teuer und nicht effizient.
118720887674,Weiss nicht
118720887094,Weiss nicht
118720882393,Weiss nicht
118720881324,Industrie verdient kein geld mehr
118720881244,Ja. Wirtschaftliche und zum Teil politische Interessen
118720880281,Weiss nicht
118720878032,"Ja, unregelmässige Stromzufuhr"
118720876610,Preisunterschiede maybe?
118720875003,"Ja, ja das Stromnetz muss Spitzen der Energieerzeugung aufnehmen können."
118720874823,"Ja, zu starke Strom Peaks"
118720874594,Weiss nicht
118720874067,Ja ich denke schon. Erneuerbare Energie kann die Stromnachfrage im Winter nicht gleich effiezient decken. Zudem werden die Kosten höher.
118720873582,Weiss nicht
118720873581,Weiss nicht
118720873448,"Ja, Effizienz, Menge und Preise"
118720872081,Weiss nicht
118720872071,Weiss nicht
118720869708,"Erzeugung ist evtl weniger gut planbar, da abhängig vom Wetter"
118720869178,Ja
118720868828,Nein
118720617197,nein
118720359488,Weiss nicht
118720304414,"Denke, dass du wenig geliefert werden kann, da der Stromverbrauch momentan zunimmt."
118720210295,Weiss nicht
118720095220,genügend Rohstoff-Ressourcen
118719940488,Die Speicherung von Energie in Form von Strom wird eine grosse Beteutung haben.
118719844221,Klimawandel
118719800343,Weiss nicht
118719787450,Weiss nicht
118719777684,Weiss nicht
118719751123,Weiss nicht
118719745254,Weiss nicht
118719744912,Weiss nicht
118719740529,Weiss nicht
118719740378,Weiss nicht
118719731879,Vermutlich Probleme mit Speicherung der Energie
118719723990,Die Katze macht iaaaaah
118719722284,Ünerproduktion am mittag
118719718843,Kapazitätsgrage
118719706439,Weiss nicht
118719702607,Weiss nicht
118719701032,"Ja. Stromverteilung von dezentralen Erzeugern. Wer bekommt wieviel für den erzeugten Strom. Bereitstellung von genügend Strom wenn gewisse Erzeuger nicht liefer z.B. ohne Somnenschein, ohne Wind, etc."
118719698162,"Stärkere Leistungsschwankungen (Sonnen- und Windenergie), welche mit anderen erneuerbaren Energien ausgeglichen werden müssen"
118719690366,Nein
118719658084,Es wird zuviel gebraucht
118719657490,Weiss nicht
118719648913,Weiss nicht
118719640453,"Es müsste vielleicht bessere Batterien geben, welche Öko Strom speichern können. Dann kann es auch mal nicht so schöne Tage haben, ohne dass es ins Gewicht fällt."
118719638341,Weiss nicht
118719632641,Grip
118719622185,ja knappheit
118719618428,Weiss nicht
118719614056,Weiss nicht
118719609522,Weiss nicht
118719608146,Weiss nicht
118719600879,Nein denk ich nicht
118719590338,Weiss nicht
118719585877,Nachhaltigkeit auf Dauer
118719585430,Weiss nicht
118719583858,Weiss nicht
118719565260,Zuviel oder zu wenig strom
118719560234,Wechsel generiert Kosten
118719559146,Bereitstellung der notwendigen Netzinfrastruktur
118719554786,Fehlende Ressourcen
118719550176,Weiss nicht
118719549032,"Ja, Strom wird nicht konstant gleich viel erzeugt. (Wind, Sonne ist nicht immer gleich intensiv) Man müsste effizient in grossem Stil Strom speichern können.)"
118719545936,Weiss nicht
118719545213,"Ja, nicht genug Strom vorhanden um den bedarf zu decken"
118719540468,Weiss nicht
118719539315,"Ja, dass zu wenig produziert wird."
118719538617,Weiss nicht
118719538578,Zu wenig. Entscheidung von der Bevölkerung was für eine Art Zusatz
118719534721,An
118719536194,"Nein, der Bedarf lässt sich decken."
118718418410,Weiss nicht
118718417818,Ich denke nicht. Es ist eine gute Lösung.
118717793319,"Naturabhänig. Keine Sonne, kein wind"
